,Blue,Green,Red,NIR
Water,1414.499267578125,1570.41845703125,1545.091552734375,2772.23779296875
Urban,1443.7745361328125,1566.7930908203125,1515.265380859375,2171.1865234375
Vegetation,1493.4317626953125,1705.7513427734375,1829.0919189453125,2664.949951171875
Bare Soil,1451.9132080078125,1650.646728515625,1487.656494140625,1163.5361328125
